{
    "mse": 0.8115364622817225,
    "rmse": 0.9008531857532184,
    "mae": 0.695531656740346,
    "r2": 0.24177371638901657
}